-- phpMyAdmin SQL Dump
-- version 5.2.1
-- https://www.phpmyadmin.net/
--
-- Хост: 127.0.0.1
-- Время создания: Дек 06 2023 г., 08:55
-- Версия сервера: 10.4.28-MariaDB
-- Версия PHP: 8.2.4

SET SQL_MODE = "NO_AUTO_VALUE_ON_ZERO";
START TRANSACTION;
SET time_zone = "+00:00";


/*!40101 SET @OLD_CHARACTER_SET_CLIENT=@@CHARACTER_SET_CLIENT */;
/*!40101 SET @OLD_CHARACTER_SET_RESULTS=@@CHARACTER_SET_RESULTS */;
/*!40101 SET @OLD_COLLATION_CONNECTION=@@COLLATION_CONNECTION */;
/*!40101 SET NAMES utf8mb4 */;

--
-- База данных: `395_ashion`
--

-- --------------------------------------------------------

--
-- Структура таблицы `admins`
--

CREATE TABLE `admins` (
  `id` int(11) NOT NULL,
  `login` varchar(255) NOT NULL,
  `password` varchar(255) NOT NULL,
  `addDate` timestamp NOT NULL DEFAULT current_timestamp()
) ENGINE=InnoDB DEFAULT CHARSET=utf8mb4 COLLATE=utf8mb4_general_ci;

--
-- Дамп данных таблицы `admins`
--

INSERT INTO `admins` (`id`, `login`, `password`, `addDate`) VALUES
(1, 'admin', '123456', '2023-10-30 12:05:38'),
(2, 'super_admin', '123456789', '2023-10-30 12:18:07');

-- --------------------------------------------------------

--
-- Структура таблицы `authors`
--

CREATE TABLE `authors` (
  `id` int(11) NOT NULL,
  `first_name` varchar(255) NOT NULL,
  `last_name` varchar(255) NOT NULL,
  `short_info` text NOT NULL,
  `biography` text NOT NULL,
  `avatar` varchar(255) NOT NULL
) ENGINE=InnoDB DEFAULT CHARSET=utf8mb4 COLLATE=utf8mb4_general_ci;

--
-- Дамп данных таблицы `authors`
--

INSERT INTO `authors` (`id`, `first_name`, `last_name`, `short_info`, `biography`, `avatar`) VALUES
(1, 'Чендлер', 'Бинг', 'Чендлер родился 8 апреля 1968 года в семье писательницы эротических романов Норы Тайлер Бинг и гомосексуала-трансвестита, звезды Лас-Вегаса Чарльза «Хэлены Хэндбаскет» Бинга. Он имеет шотландскую и шведскую родословную. Родители Чендлера получили свои имена в честь одного из персонажей в фильме «Тонкий человек» 1934 года (а именно — Норы Чарльз). Чендлер - единственный из главных героев, у которого нет братьев и сестёр.', 'Чендлер родился 8 апреля 1968 года в семье писательницы эротических романов Норы Тайлер Бинг и гомосексуала-трансвестита, звезды Лас-Вегаса Чарльза «Хэлены Хэндбаскет» Бинга. Он имеет шотландскую и шведскую родословную. Родители Чендлера получили свои имена в честь одного из персонажей в фильме «Тонкий человек» 1934 года (а именно — Норы Чарльз). Чендлер - единственный из главных героев, у которого нет братьев и сестёр.\r\n\r\nКогда Чендлеру было девять лет в 1978 году, родители сказали ему, что решили разойтись. Поскольку это произошло на День благодарения, этот праздник для Чендлера стал малоприятным событием. В тот же год Чендлер выкурил свою первую сигарету.\r\n\r\nВ колледже Чендлер жил в одной комнате с Россом Геллером, который стал его лучшим другом. Тогда же Чендлер познакомился с сестрой Росса, Моникой, которая впоследствии стала его женой. После окончания колледжа он снял квартиру напротив квартиры бабушки Моники и Росса, в которой, на тот момент, уже проживала Моника и Фиби. Чуть позже соседом Чендлера по квартире стал Джоуи Триббиани.\r\n\r\nУ Чендлера был третий сосок. Однако после того, как из-за этого от него ушла девушка (у которой ко всему прочему был протез ноги), он удалил его, в чём впоследствии раскаялся. Ещё один дефект тела: отсутствие кончика мизинца на правой ноге, его случайно отрезала Моника на День благодарения в 1998 году (8 серии 5 сезона).\r\n\r\nВ шестом сезоне Чендлер переезжает в квартиру Моники, а в седьмом происходит их свадьба. До начала отношений с Моникой он продолжительное время встречался с девушкой по имени Дженис.\r\n\r\nНа протяжении большинства эпизодов сериала Чендлер был офисным работником и специализировался на статистическом анализе и реконфигурации данных. После того, как заснул на одном из собраний, случайно согласился уехать работать в Талсу в качестве регионального президента. Позже уволился по собственному желанию, со временем устроился в рекламную компанию копирайтером.\r\n\r\nЧендлер, как и Росс и Рэйчел, целовал всех пятерых героев сериала. Он целовал Монику, когда они встречались. Он целовал всех девушек, когда скрывал отношения с Моникой (5 сезон, 2 серия). Также его поцеловал Джоуи в канун Нового Года в первом сезоне. В эпизоде «Эпизод, где Чендлер не помнит какая сестра» Чендлер был пьян и поцеловал Росса, но это осталось за кадром.\r\n\r\nФрэнк Буффе Младший по предложению Фиби назвал одного из своих детей Чендлером даже несмотря на то, что родилась девочка.\r\n\r\nЧендлер и Моника впервые познакомились ещё в колледже. Чендлер намекал Монике на возможность более близких отношений ещё в третьем сезоне сериала, однако тогда всё ограничилось шутками. Настоящий же роман начался между ними на свадьбе Росса в Лондоне. Там подвыпившие Чендлер и Моника провели вместе ночь. После этого по возвращении в Нью-Йорк они долгое время скрывали свои отношения, но в конечном итоге их тайна открылась.\r\n\r\nВ шестом сезоне Чендлер переехал в квартиру Моники, а в конце седьмого состоялась свадьба (священником выступил Джоуи, получивший сан через Интернет).\r\n\r\nПоскольку, как выяснилось, Чендлер и Моника не могли иметь детей, они решили усыновить ребёнка. В последнем эпизоде сериала на свет появились близнецы Джек (в честь отца Моники) и Эрика (названная так в честь женщины, которая их родила).\r\n\r\n', '/template/images/authors/chandler-bing.jpg'),
(2, 'Рэйчел', 'Грин', 'Первое появление Рэйчел состоялось в пилотном эпизоде «Друзей», где она была представлена как сбежавшая невеста, которая бросила своего жениха Барри Фарбера (Митчелл Уитфилд  (англ.)рус.) у алтаря. Она находит свою лучшую подругу детства Монику Геллер (Кортни Кокс), единственную знакомую из Нью-Йорка, которая соглашается позволить Рэйчел жить с ней, пока та пытается переосмыслить свою жизнь.', 'Первое появление Рэйчел состоялось в пилотном эпизоде «Друзей», где она была представлена как сбежавшая невеста, которая бросила своего жениха Барри Фарбера (Митчелл Уитфилд  (англ.)рус.) у алтаря. Она находит свою лучшую подругу детства Монику Геллер (Кортни Кокс), единственную знакомую из Нью-Йорка, которая соглашается позволить Рэйчел жить с ней, пока та пытается переосмыслить свою жизнь. Рэйчел знакомится с друзьями Моники: Фиби Буффе (Лиза Кудроу), Джоуи Триббиани (Мэтт Леблан) и Чендлером Бингом (Мэттью Перри), а также вновь встречает её старшего брата Росса Геллера (Дэвидом Швиммером), который был безответно влюблён в неё в школе. Рэйчел, которая всю свою жизнь полагалась на деньги своих родителей и мечтала выйти замуж по расчёту, пытается реализовать себя в качестве молодой независимой женщины, устраиваясь на работу официанткой в кафе «Central Perk», где регулярно встречается вместе со своими новыми друзьями[5]. Несмотря на то, что она плохо выполняет свои обязанности, Рэйчел сохраняет работу, поскольку в неё влюблён менеджер заведения, Гантер (Джеймс Майкл Тайлер).\r\n\r\nК концу первого сезона Рэйчел узнаёт о чувствах Росса и понимает, что тоже любит его. Тем не менее, когда она наконец решает признаться ему, Рэйчел обнаруживает, что тот начал отношения с женщиной по имени Джули (Лорен Том)[6]. В конечном итоге Росс бросает Джули и делает выбор в пользу Рэйчел,[7] и их отношения прогрессируют до конца второго сезона,[8] однако в третьем сезоне молодые люди начинают всё чаще ссориться,[9] когда Рэйчел увольняется из кафе и устраивается на работу в сфере моды. Росс ревнует её из-за завязавшегося общения с коллегой по работе, Марком (Стивен Экхольдт),[10] в результате чего Рэйчел решает сделать «перерыв» в их отношениях. Росс приходит к выводу, что они расстались и прелюбодействует с другой женщиной. На следующий день Рэйчел возвращается к Россу, но, узнав о его измене, расстаётся с ним[11].\r\n\r\nВ следующих эпизодах после расставания Рэйчел и Росс изначально не разговаривают друг с другом, но при этом сохраняют обоюдные чувства. Во время пляжного отдыха со своими друзьями они ненадолго мирятся, когда Росс заканчивает свои отношения с Бонни (Кристин Тейлор),[12] однако затем вновь расстаются из-за разногласий. В течение четвёртого сезона Рэйчел встречается со своим клиентом Джошуа (Тейт Донован), а у Росса завязываются отношения с племянницей босса Рэйчел, Эмили (Хелен Баксендейл), которой впоследствии делает предложение. В ответ, Рэйчел также делает предложение Джошуа, что отпугивает его. Затем, Рэйчел становится косвенной причиной расставания Росса и Эмили, когда во время обмена свадебными клятвами Росс называет свою невесту «Рэйчел»[13]. В конце концов, Росс разводится с Эмили, выбирая между ней и дружбой с Рэйчел[14].\r\n\r\nВ конце пятого сезона Росс и Рэйчел заключают брак, находясь под воздействием алкоголя, во время отдыха в Лас-Вегасе[15]. В начале шестого сезона ходатайство об аннулировании брака было отклонено, из-за чего им приходится развестись. В седьмом сезоне Рэйчел и Росс проводят ночь, которая приводит к беременности Рэйчел[16]. В конце восьмого сезона она рожает девочку и даёт ей имя Эмма Геллер-Грин[17]. В течение первой половины девятого сезона они живут в квартире Росса, однако не возобновляют свои отношения.\r\n\r\nВ конце девятого сезона Джоуи признаётся Рэйчел в своих чувствах, и они решают стать больше, чем просто друзьями[18]. Тем не менее, они расстаются в десятом сезоне, понимая, что между ними ничего не выйдет[19].\r\n\r\nРэйчел, в конце концов, находит работу во Франции, однако вспоминает признание Росса о том, что тот всё ещё любит её, и решает остаться. В последнюю минуту она выходит из самолёта и возвращается к Россу, после чего они окончательно воссоединяются друг с другом[20].', '/template/images/authors/rachel-green.jpg'),
(3, 'Моника', 'Геллер', 'Моника — младшая сестра Росса Геллера. В детстве она была очень полной, отчего сильно комплексовала. Однако ко времени начала действия сериала она стала стройной и атлетичной.[1] О том, что она была очень полной, зрители узнают, когда герои смотрят вместе домашнее видео времён школьных старших классов. ', 'Моника — младшая сестра Росса Геллера. В детстве она была очень полной, отчего сильно комплексовала. Однако ко времени начала действия сериала она стала стройной и атлетичной.[1] О том, что она была очень полной, зрители узнают, когда герои смотрят вместе домашнее видео времён школьных старших классов. На оправдания Моники по поводу лишнего веса («камера прибавляет десять фунтов») следует язвительный комментарий Чендлера: «Сколько же камер тебя снимало?».[1] Моника похудела, потому что подслушала как Чендлер высмеивал её полноту в юности. Причём сделала это за один год. Впоследствии она закончит кулинарную школу. До 13 лет не могла узнать время по часовым стрелкам. Моника любит музыкальную группу The Rolling Stones. Дважды прослушала курс психологии в колледже.\r\n\r\nВ начале самостоятельной жизни Моника живет в квартире своей бабушки, вместе со своей подругой Фиби Буффе, однако в начале сериала Фиби съезжает, а в квартире Моники поселяется её школьная подруга Рэйчел Грин. Позднее в квартиру Моники въезжает её возлюбленный, Чендлер. А в последнем эпизоде «Друзей» Моника и Чендлер съезжают с квартиры и переезжают в собственный дом.\r\n\r\nМоника очень организована, чересчур озабочена порядком и чистотой, однажды она сказала, как вымыла 7 автомобилей на парковке возле дома, только потому что не могла вытерпеть их грязный вид. Так же любит азартные игры и ненавидит проигрывать. Коронная фраза — «I KNOW! (рус. Я знаю!)»\r\n\r\nУ неё сохранились комплексы из-за чрезмерной полноты в прошлом и из-за того, что в детстве родители больше любили её старшего брата, Росса.\r\n\r\nМоника и Чендлер познакомились на День Благодарения в 1987 году, когда Чендлер приехал к Россу, с которым жил в одной комнате, на выходные. Он сразу понравился Монике, и она приготовила ему макароны с сыром, когда узнала, что он не ест традиционные блюда. Чендлер посоветовал Монике стать поваром, а потом сказал Россу, что не желает общаться с «его жирной сестрой», не зная, что она его подслушивает. На следующий год похудевшая Моника нечаянно отрезала кончик мизинца Чендлеру, когда пыталась отомстить ему за то, что он высмеивал её полноту. Тем не менее, впоследствии Моника и Чендлер сблизились.\r\n\r\nБлизкие отношения между Чендлером и Моникой начались в Лондоне на свадьбе её брата. Тогда Моника была очень расстроена из-за того, что один из гостей принял её за мать Росса, и Чендлер её утешил, после чего они переспали. Постепенно их отношения переросли в роман, который, однако, они продолжительное время ото всех скрывали. Об их отношениях совершенно случайно узнал Джо, а за ним и остальные друзья.\r\n\r\nВ седьмом сезоне Чендлер и Моника поженились. Свадьба Моники и Чендлера была 18 июня 2001 года. А в последнем сезоне, выяснив, что они не могут иметь детей, Чендлер и Моника усыновили двойняшек Эрику и Джека.', '/template/images/authors/monica-geller.jpg'),
(13, 'Василий', 'Петров', 'It is the WHERE clause that determines how many records will be updated.\r\n\r\nThe following SQL statement will update the PostalCode to 00000 for all records where country is &quot;Mexico&quot;', 'What is SQL?\r\nSQL is the standard language for dealing with Relational Databases.\r\n\r\nSQL is used to insert, search, update, and delete database records.\r\n\r\nHow to Use SQL\r\nThe following SQL statement selects all the records in the &quot;Customers&quot; table:\r\nWhat is SQL?\r\nSQL is the standard language for dealing with Relational Databases.\r\n\r\nSQL is used to insert, search, update, and delete database records.\r\n\r\nHow to Use SQL\r\nThe following SQL statement selects all the records in the &quot;Customers&quot; table:\r\nWhat is SQL?\r\nSQL is the standard language for dealing with Relational Databases.\r\n\r\nSQL is used to insert, search, update, and delete database records.\r\n\r\nHow to Use SQL\r\nThe following SQL statement selects all the records in the &quot;Customers&quot; table:\r\nWhat is SQL?\r\nSQL is the standard language for dealing with Relational Databases.\r\n\r\nSQL is used to insert, search, update, and delete database records.\r\n\r\nHow to Use SQL\r\nThe following SQL statement selects all the records in the &quot;Customers&quot; table:', '/template/images/authors/1701848408_jonas-kakaroto-mjRwhvqEC0U-unsplash (1).jpg');

-- --------------------------------------------------------

--
-- Структура таблицы `category`
--

CREATE TABLE `category` (
  `id` int(11) NOT NULL,
  `title` varchar(255) NOT NULL,
  `translation` varchar(255) NOT NULL,
  `description` text NOT NULL,
  `class_name` varchar(255) DEFAULT NULL
) ENGINE=InnoDB DEFAULT CHARSET=utf8mb4 COLLATE=utf8mb4_general_ci;

--
-- Дамп данных таблицы `category`
--

INSERT INTO `category` (`id`, `title`, `translation`, `description`, `class_name`) VALUES
(1, 'sport', 'Спорт', 'Спорт (англ. sport, сокращение от первоначального старофранц. desport — «игра», «развлечение») — организованная по определённым правилам деятельность людей (спортсменов), состоящая в сопоставлении их физических и/или интеллектуальных способностей. Спорт представляет собой специфический род физической или интеллектуальной активности, совершаемой с целью соревнования, а также целенаправленной подготовки к ним путём разминки, тренировки. В сочетании с отдыхом, стремлением к постепенному улучшению физического здоровья, повышению уровня интеллекта, получению морального удовлетворения, к совершенству, улучшению личных, групповых и абсолютных рекордов, славе, улучшению собственных физических возможностей и навыков спорт предназначен для совершенствования физико-психических характеристик человека.', 'bg-success'),
(2, 'science', 'Наука', 'Нау́ка — деятельность, направленная на выработку и систематизацию объективных знаний о действительности.\r\n\r\nЭта деятельность осуществляется путём сбора фактов, их регулярного обновления, систематизации и критического анализа. На этой основе выполняется обобщения или синтез новых знаний, которые описывают наблюдаемые природные или общественные явления и указывают на причинно-следственные связи, что позволяет осуществлять прогнозирование. Те гипотезы, которые описывают совокупность наблюдаемых фактов и не опровергаются экспериментами, признаются законами природы или общества (см. научный метод).\r\n\r\nПо мнению историка науки И. Н. Веселовского, «Современная наука, по существу, опирается на следующие три основы: 1) применение эксперимента, наблюдения и опыта при изучении природы; 2) логические доказательства выводов, полученных из основных предпосылок; 3) возможность математического представления природных процессов».\r\n', 'bg-warning'),
(3, 'space', 'Космос', 'Косми́ческое простра́нство, ко́смос (др.-греч. κόσμος — «упорядоченность», «порядок») — относительно пустые участки Вселенной, которые лежат вне границ атмосфер небесных тел. Космос не является абсолютно пустым пространством: в нём есть, хотя и с очень низкой плотностью, межзвёздное вещество (преимущественно молекулы водорода), кислород в малых количествах (остаток после взрыва звезды), космические лучи и электромагнитное излучение, а также гипотетическая тёмная материя.\r\n\r\nВ своём изначальном понимании греческий термин «космос» (мироустройство) имел философскую основу, определяя гипотетический замкнутый вакуум вокруг Земли — центра Вселенной. Тем не менее, в языках на латинской основе и её заимствованиях к одинаковой семантике применяют практический термин «пространство» (так как с научной точки зрения обволакивающий Землю вакуум бесконечен), поэтому в русском и близких ему языках в результате реформенной корректировки родился своеобразный плеоназм «космическое пространство».', 'bg-secondary'),
(4, 'culture', 'Культура', 'Культу́ра (от лат. cultura — возделывание, позднее — воспитание, образование, развитие, почитание) — понятие, имеющее огромное количество значений в различных областях человеческой жизнедеятельности. Культура является предметом изучения философии, культурологии, истории, социологии, искусствознания, лингвистики (этнолингвистики), политологии, этнологии, психологии, экономики, педагогики и др.\r\n\r\nВ основном, под культурой понимают человеческую деятельность в её самых разных проявлениях, включая все формы и способы человеческого самовыражения и самопознания, накопление человеком и социумом в целом навыков и умений. Культура предстаёт также проявлением человеческой субъективности и объективности (характера, компетентностей, навыков, умений и знаний).\r\n\r\nКультура представляет собой совокупность устойчивых форм человеческой деятельности, без которых она не может воспроизводиться, а значит — существовать.', 'bg-danger'),
(5, 'weather', 'Погода ', 'Пого́да — совокупность значений метеорологических элементов и атмосферных явлений, наблюдаемых в определённый момент времени в той или иной точке пространства. Понятие «Погода» относится к текущему состоянию атмосферы, в противоположность понятию «Климат», которое относится к среднему состоянию атмосферы за длительный период времени. Если нет уточнений, то под термином «Погода» понимают погоду на Земле. Погодные явления протекают в тропосфере (нижней части атмосферы) и в стратосфере — атмосферном слое, располагающемся на высоте примерно от 11 до 50 километров. Погоду можно описать давлением, температурой и влажностью воздуха, силой и направлением ветра, облачностью, атмосферными осадками, дальностью видимости, атмосферными явлениями (туманами, метелями, грозами) и другими метеорологическими элементами.\r\n', 'bg-info');

-- --------------------------------------------------------

--
-- Структура таблицы `comments`
--

CREATE TABLE `comments` (
  `id` int(11) NOT NULL,
  `parent_id` int(11) NOT NULL DEFAULT 0,
  `comment` text NOT NULL,
  `news_id` int(11) NOT NULL,
  `user_id` int(11) NOT NULL,
  `add_date` timestamp NOT NULL DEFAULT current_timestamp(),
  `approved` int(11) NOT NULL DEFAULT 0
) ENGINE=InnoDB DEFAULT CHARSET=utf8mb4 COLLATE=utf8mb4_general_ci;

--
-- Дамп данных таблицы `comments`
--

INSERT INTO `comments` (`id`, `parent_id`, `comment`, `news_id`, `user_id`, `add_date`, `approved`) VALUES
(1, 0, 'Прекрасная статья, лишние усложнения для понимания — я считаю понты. Еще раз. я считаю. Человек сразу обозначил для кого статья, и может я тупой, но именно это я и искал. Спасибо автору!', 1, 1, '2022-12-05 08:34:25', 1),
(2, 1, 'На самом деле это не так — как минимум nvarchar и identity будут не во всех СУБД.\r\nВыбран очень странный стиль написания имён объектов — где-то используется схема, где-то не используется. ИМХО, в «справочном» посте стиль должен быть унифицирован.\r\nПлюс, вы много где объявляете поле как nvarchar, а вставляете туда varchar — не надо так)', 1, 2, '2022-12-06 15:38:43', 1),
(3, 0, 'Там не только «звучит», там коннотация достаточно негативная.\r\nЭто для славян легко написать invalid\\invalide для людей (или как в одной истории про дизайнера — он сокращал button до butt, и в проекте у него были цвета с размерами, так что даже дошло до black_big_butt), но для англоязычных это слова и у них есть свой смысл.', 1, 1, '2022-12-06 08:48:33', 1),
(4, 0, 'Заявка на создание своего введения в реляционные БД для новичков имеет право на жизнь. Как говорится пока кому-нибудь не объяснишь, сам не поймешь. Написано конечно топорно, но не у каждого найдется сил и на это. Дальше только полировать.\r\nСвязи один-к-одному не такие уж и редкие. На больших объемах данных возникает необходимость в вертикальном секционировании для ускорения работы запросов.\r\nЕсли некий объект имеет множество атрибутов, часть из которых используется очень часто, а часть очень редко, целесообразно хранить их отдельно друг от друга, чтобы уменьшить расходы на чтение диска.\r\n«вторичный ключ» перекликается с «альтернативный ключ» — по этому это название плохо применимо для «foreign key» = «внешний ключ».', 1, 2, '2022-12-06 14:18:21', 0),
(5, 0, 'Ассоциативный массив данных, переданных скрипту через HTTP методом POST при использовании application/x-www-form-urlencoded или multipart/form-data в заголовке Content-Type запроса HTTP.', 1, 5, '2023-09-25 09:49:13', 1),
(13, 0, 'Массив значений, содержащий столько элементов, сколько параметров заявлено в SQL-запросе. Все значения будут приняты, как имеющие тип PDO::PARAM_STR.\r\n\r\nНельзя привязать несколько значений к одному параметру; например, нельзя привязать два значения к именованному параметру в выражении IN().\r\n\r\nНельзя привязать больше значений, чем заявлено в запросе; если в массиве params больше элементов, чем заявлено в SQL-запросе методом PDO::prepare(), выполнение запроса завершится неудачей и будет вызвана ошибка.', 1, 5, '2023-09-25 09:58:17', 0),
(14, 0, 'Выдаёт ошибку уровня E_WARNING, если атрибуту PDO::ATTR_ERRMODE установлено значение PDO::ERRMODE_WARNING.\r\n\r\nВыбрасывает исключение PDOException, если атрибуту PDO::ATTR_ERRMODE установлено значение PDO::ERRMODE_EXCEPTION.', 9, 5, '2023-09-25 10:01:24', 1),
(15, 0, '&lt;?php\r\n/* Выполнение подготовленного запроса с привязкой переменных и значений */\r\n$calories = 150;\r\n$colour = &#039;gre&#039;;\r\n$sth = $dbh-&gt;prepare(&#039;SELECT name, colour, calories\r\n    FROM fruit\r\n    WHERE calories &lt; :calories AND colour LIKE :colour&#039;);\r\n$sth-&gt;bindParam(&#039;calories&#039;, $calories, PDO::PARAM_INT);\r\n/* Имена также могут начинаться с двоеточия &quot;:&quot; (необязательно) */\r\n$sth-&gt;bindValue(&#039;:colour&#039;, &quot;%$colour%&quot;);\r\n$sth-&gt;execute();\r\n?&gt;', 9, 5, '2023-09-25 10:01:44', 1),
(16, 0, 'param\r\nИдентификатор параметра запроса. Для подготавливаемых запросов с именованными параметрами это будет имя в виде :name. Если используются неименованные параметры (знаки вопроса ?) это будет позиция псевдопеременной в запросе (начиная с 1).\r\n\r\nvalue\r\nЗначение, которое требуется привязать к параметру.\r\n\r\ntype\r\nЯвно заданный тип данных параметра. Тип задаётся одной из констант PDO::PARAM_*.\r\n\r\nВозвращаемые значения ¶\r\nВозвращает true в случае успешного выполнения или false в случае возникновения ошибки.', 9, 5, '2023-09-25 10:03:54', 0),
(17, 0, 'Be warned of the rather unorthodox behavior of PDOStatement::fetchObject() which injects property-values BEFORE invoking the constructor - in other words, if your class  initializes property-values to defaults in the constructor, you will be overwriting the values injected by fetchObject() !\r\n\r\nA var_dump($this) in your __construct() method will reveal that property-values have been initialized prior to calling your constructor, so be careful.\r\n\r\nFor this reason, I strongly recommend hydrating your objects manually, after retrieving the data as an array, rather than trying to have PDO apply properties directly to your objects.\r\n\r\nClearly somebody thought they were being clever here - allowing you to access hydrated property-values from the constructor. Unfortunately, this is just not how OOP works - the constructor, by definition, is the first method called upon construction. \r\n\r\nIf you need to initialize your objects after they have been constructed and hydrated, I suggest your model types implement an interface with an init() method, and you data access layer invoke this method (if implemented) after hydrating.', 1, 5, '2023-09-25 10:12:04', 1),
(18, 0, '4 декабря в рамках фестиваля пройдет органный вечер «Бах-гала». Органисты разных поколений исполнят на историческом органе собора музыку Иоганна Себастьяна Баха. Программу представят постоянные участники проектов Collegium Musicum — Федор Строганов, Даниэль Сальвадор и Александр Фисейский.\r\n\r\n11 декабря концерт даст ансамбль The Readers. В его программу войдут произведения итальянского Треченто — музыка Италии 1300-х годов. Музыканты ансамбля работают только с оригинальной нотацией и играют исключительно по манускриптам.', 1, 6, '2023-09-26 05:47:24', 1),
(19, 0, 'cursorOrientation\r\nДля объектов PDOStatement представляющих прокручиваемый курсор, этот параметр определяет, какая строка будет возвращаться в вызывающий метод. Значением параметра должна быть одна из констант PDO::FETCH_ORI_*, по умолчанию PDO::FETCH_ORI_NEXT. Чтобы запросить прокручиваемый курсор для запроса PDOStatement, необходимо задать атрибут PDO::ATTR_CURSOR со значением PDO::CURSOR_SCROLL во время подготовки запроса методом PDO::prepare().\r\n\r\ncursorOffset\r\nДля объектов PDOStatement, представляющих прокручиваемый курсор, параметр cursorOrientation которых принимает значение PDO::FETCH_ORI_ABS, эта величина означает абсолютный номер строки, которую необходимо извлечь из результирующего набора.\r\n\r\nДля объектов PDOStatement, представляющих прокручиваемый курсор, параметр cursorOrientation которых принимает значение PDO::FETCH_ORI_REL, эта величина указывает, какая строка относительно текущего положения курсора будет извлечена функцией PDOStatement::fetch().', 1, 6, '2023-09-26 08:31:16', 1);

-- --------------------------------------------------------

--
-- Структура таблицы `news`
--

CREATE TABLE `news` (
  `id` int(11) NOT NULL,
  `title` varchar(255) NOT NULL,
  `text` text NOT NULL,
  `add_date` timestamp NOT NULL DEFAULT current_timestamp(),
  `image` varchar(255) NOT NULL,
  `author_id` int(11) NOT NULL,
  `category_id` int(11) NOT NULL
) ENGINE=InnoDB DEFAULT CHARSET=utf8mb4 COLLATE=utf8mb4_general_ci;

--
-- Дамп данных таблицы `news`
--

INSERT INTO `news` (`id`, `title`, `text`, `add_date`, `image`, `author_id`, `category_id`) VALUES
(1, 'Пиастри: Я рад наконец-то присоединиться к McLaren', 'День тестов в Абу-Даби стал началом полноценного сотрудничества Оскара Пиастри с командой McLaren; во вторник австралиец проехал по трассе Яс-Марина 123 круга или 650 км, а это больше, чем две дистанции Гран При.\r\n\r\nОскар Пиастри (14-й): «Неплохой первый день с McLaren – думаю, что мы многому научились. Здорово наконец-то присоединиться к этой команде, и спасибо ей за плодотворный день работы на трассе. Мы проехали немало кругов и проводили разные эксперименты – именно этому и был посвящён день.\r\n\r\nЯ получил вполне чёткое представление о том, в каких областях нужно добиваться улучшений, готовясь к предстоящему сезону. Мне всё понравилось, я рад вернуться за руль и получить опыт пилотирования машины 2022 года. На следующей неделе на базе в Уокинге я познакомлюсь со всей командой, после чего у меня будет короткий перерыв, а затем я вернусь к работе с McLaren и буду готовиться к 2023 году».\r\n\r\nЛандо Норрис (18-й): «Полезный день. Хорошо, что мы посвятили какое-то время работе с этими шинами, чтобы помочь Pirelli в процессе подготовки к следующему году, но мы тоже собрали важную информацию об их поведении на трассе.\r\n\r\nМы поработали вполне продуктивно, и теперь сезон завершён. Спасибо Pirelli и всей нашей команде за работу! Впереди зимнее межсезонье, когда мы будем готовиться к чемпионату 2023 года, прилагая все усилия, чтобы с самого начала чемпионата наши дела складывались удачно».\r\n\r\nАндреа Стелла, исполнительный директор McLaren Racing: «Это был продуктивный день тестов в Абу-Даби, нам удалось проделать большой объём важной работы. Прежде всего здорово, что Оскар сел за руль MCL36 – начался процесс его интеграции с McLaren.\r\n\r\nЕго главной задачей сегодня было проехать как можно больше кругов и начать адаптироваться к команде. Если говорить о Ландо, то ему полезно получить информацию о шинах Pirelli в преддверии 2023 года.\r\n\r\nОскар проехал 123 круга, Ландо – 115, и я благодарю гоночную бригаду, всех сотрудников базы в Уокинге, а также гонщиков за проделанную сегодня работу. Долгий сезон завершён, гоночная бригада возвращается в Технологический центр McLaren, после чего отправится на отдых, она это действительно заслуживает, и теперь надо восстановить силы, ведь они всем понадобятся в 2023 году».', '2022-11-21 18:20:19', '/template/images/news/piastri-mclaren.jpg', 1, 1),
(3, 'Шварцман: Мой темп был близок к темпу Шарля и Карлоса', 'Во вторник на тестах в Абу-Даби в составе Ferrari работали трое гонщиков. Шарль Леклер и Карлос Сайнс, возглавивший протокол, поделили между день, а Роберт Шварцман провёл за рулём полноценную тестовую сессию.\r\n\r\nРоберт Шварцман (3-й): «Мы провели позитивный тестовый день в Абу-Даби. Я проехал 116 кругов и многое сделал. Тестовая программа получилась достаточно насыщенной – я работал на коротких и длинных сериях, тренировал старты. Я чувствую, что неплохо прибавил по сравнению с пятничной тренировкой – мой темп был близок к темпу Шарля и Карлоса, что очень позитивно для меня. Всегда есть возможности прибавить, но я думаю, что мы показали очень хороший потенциал.\r\n\r\nВ целом, я доволен проделанной в этом году работой с командой на симуляторе в Маранелло. Настоящая машина по ощущениям очень похожа на виртуальную. Было здорово получить возможность пилотировать за команду – я получил удовольствие от сегодняшнего дня».', '2022-11-22 18:23:12', '/template/images/news/swartsman-ferrari.jpg', 3, 1),
(5, 'Боттас: Машина работала отлично, мы узнали много нового', 'В Alfa Romeo довольны итогами тестов в Абу-Даби, и, по словам Валттери Боттаса, это день стал неплохим завершением сезона, по итогам которого команда из Хинвила заняла 6-е место в Кубке конструкторов.\r\n\r\nВалттери Боттас (16-й): «После гоночного уик-энда в Абу-Даби я проехал по трассе Яс-Марина ещё 129 кругов – неплохой результат! Сегодня мы уделяли основное внимание шинным тестам Pirelli, испытывая резину, предназначенную для следующего года, так что это был важный день в плане сбора ценной информации.\r\n\r\nМашина работала отлично, я проехал много кругов, мы узнали немало нового, никаких сложностей не было, и этот день можно считать хорошим завершением сезона!»\r\n\r\nТео Пуршер (24-й): «По ходу тестов надо было многое проверить, попытаться найти настройки, более правильные, чем использовала команда в дни гоночного уик-энда в Абу-Даби, а я открывал для себя Формулу 1, ведь у меня не такой уж большой опыт пилотирования этих машин.\r\n\r\nОщущения великолепные, сессия прошла хорошо, я проехал немало кругов, испытывая разные шины и разные варианты настроек. При этом я старался ехать всё быстрее, иногда подходил вплотную к пределу возможного, но главное, что машина при это не пострадала.\r\n\r\nВ общем, я очень доволен и просто старался получить удовольствие от каждого круга, так что всё отлично!»', '2022-11-22 18:25:55', '/template/images/news/bottas-alfa-romeo.jpg', 1, 1),
(7, 'Алонсо: Меня многое приятно удивило в Aston Martin', 'Фернандо Алонсо отработал первую половину дня тестов в Абу-Даби, впервые опробовав машину Aston Martin. Испанский гонщик проехал 97 кругов, показал третье время, передал машину напарнику Лэнсу Строллу и поделился первыми впечатлениями с прессой.\r\n\r\nФернандо Алонсо: «Не хочу звучать слишком самоуверенно, ведь в следующем году всё изменится. Однако ощущения, которые я получил от общения с парнями в боксах, от потенциала команды, от талантов, которых я встретил в инженерной комнате, просто невероятные. Прямо сейчас я очень и очень счастлив.\r\n\r\nКогда я подписал контракт с Aston Martin, то был счастлив на 90%. Когда команда начала прибавлять и на подъёме завершила сезон, я стал на 100% счастлив, а сейчас я счастлив больше, чем на 100%.\r\n\r\nМеня многое приятно удивило, но нынешняя машина мало похожа на ту, которая у нас будет в следующем сезоне. Я имею в виду, что новая машина не будет продолжением нынешней.\r\n\r\nКоманда сильно провела уик-энд в Абу-Даби – Себастьян Феттель квалифицировался впереди меня, поэтому я не думаю, что в прошлый уик-энд между Aston Martin и Alpine была большая разница. По ощущениям, машина очень конкурентоспособная.\r\n\r\nВ поведении машины на трассе меня ничего не удивило. У меня были опасения по поводу рулевого управления – в первый год в Alpine мы почти пять месяцев работали над тем, чтобы меня устраивала обратная связь руля. Я предупреждал об этом команду несколько недель назад, поэтому когда сел за руль и понял, что меня устраивает рулевое управление Aston Martin, то был приятно удивлён. Нам не нужно ничего менять».', '2022-11-22 18:28:54', '/template/images/news/alonso-aston.jpg', 3, 1),
(9, 'BBC Sport: В 2023-м Гран При Китая не состоится', 'Гран При Китая включён в календарь Формулы 1 2023 года, но не так давно руководитель чемпионата Стефано Доменикали озвучил опасения, что гонка, запланированная на 16 апреля 2023 года, может не состояться из-за коронавирусных ограничений в стране. Сегодня появилось сообщение BBC Sport, что китайский этап чемпионата будет отменён.\r\n\r\nПричиной отмены Гран При называются действия китайских властей, которые придерживаются политики «нулевой толерантности» к коронавирусу. Ключевым камнем преткновения является тот факт, что персонал Формулы 1 не будет освобождён от карантинных требований в случае заражения Covid-19. Актуальные правила в Китае требуют, чтобы любой человек, у которого обнаружен коронавирус, провел пять дней в специальном изоляторе плюс три дня в изоляции дома.\r\n\r\nВ Формуле 1 считают, что не могут просить команды проводить Гран При в стране, в которой  сохраняется риск того, что ключевые сотрудники не смогут покинуть город сразу после завершения этапа, если они заразятся Covid-19.\r\n\r\nОфициально решение об отмене Гран При Китая 2023 года пока не принято, но оно считается неизбежным. В Формуле 1 отказались от комментариев.', '2022-11-22 18:31:27', '/template/images/news/china-gp-2023.jpg', 1, 1),
(11, 'Нико Хюлкенберг: В Майами я понял, что хочу вернуться', 'Во вторник Нико Хюлкенберг вернулся за руль Формулы 1 на тестах в Абу-Даби. Накануне гонщик Haas дал подробное интервью немецкому Auto Motor und Sport, в котором рассказал о трёхлетней паузе в карьере, возвращении за руль и ожиданиях от команды в 2023 году.\r\n\r\nВопрос: Вы вновь стали гонщиком Формулы 1. Что вы чувствуете?\r\nНико Хюлкенберг: Я испытываю приятные и знакомые эмоции – я счастлив.\r\n\r\nВопрос: За последние три года были моменты, когда вам казалось, что Формула 1 бесконечно далека?\r\nНико Хюлкенберг: Конечно, так было всегда, даже в этом году. В середине сезона у меня не было шансов на контракт. Я провёл две первые гонки за Aston Martin, но после шансов так и не появилось. Я не думал о возвращении, поскольку такой возможности просто не было, но внезапно шанс появился.\r\n\r\nВопрос: Когда вы поняли, что есть шанс вернуться?\r\nНико Хюлкенберг: После летнего перерыва.\r\n\r\nВопрос: Вы регулярно приезжали на трассу и со стороны смотрели на работу коллег-гонщиков. Насколько это было тяжело?\r\nНико Хюлкенберг: На самом деле, было не особо сложно. Очевидно, что я испытывал меньший прессинг, чем другие гонщики, но когда видел, как они пилотировали, у меня возникало ощущение, что я мог бы добиться большего в подобной ситуации. С этим уже было сложнее смириться, но всё изменится в следующем году.\r\n\r\nВопрос: Насколько важными оказались те пять этапов Формулы 1, в которых вы заменяли других гонщиков?\r\nНико Хюлкенберг: Очень важными. Не знаю, смог бы я вернуться без этих гонок. Когда вы выходите на старт, то руководители команд вас запоминают.\r\n\r\nВопрос: Насколько сложно было возвращаться за руль и в кратчайшие сроки показывать результат?\r\nНико Хюлкенберг: Совсем не просто, но нужно действовать по ситуации. Меня к этому готовили с самого детства. Я мог опираться на сочетание таланта и многолетнего опыта в Формуле 1. Даже если вы плохо знакомы с машиной, то всё равно должны выжать из неё максимум. В те моменты я больше приобретал, чем терял, ведь ожидания были не слишком высокими.\r\n\r\nВопрос: Какая из этих пяти гонок вам запомнилась больше всего?\r\nНико Хюлкенберг: Этап на Нюрбургринге в 2020-м. В десять часов утра я вместе с другом пил кофе в Кёльне, когда неожиданно позвонил Отмар Сафнауэр – он сказал, что я ему нужен и повесил трубку. Я тогда сказал приятелю: «Да он шутит». Через три минуты Отмар снова позвонил: «Ты меня понял? Немедленно приезжай на Нюрбургринг».\r\n\r\nЯ помчался к машине и побил все рекорды от Кёльна до Нюрбургринга. Это была жаркая поездка. Я появился на трассе за два часа до начала квалификации, показал последнее время, но всё же заработал очки. Конечно, у Racing Point была хорошая машина. Я получил довольно напряжённый опыт.\r\n\r\nВопрос: Как вы отреагировали на собственную отставку в конце 2019-го?\r\nНико Хюлкенберг: В определённой степени так и было задумано. Настроение в команде с середины 2019-го было достаточно негативным. Я был морально истощён и знал, что должен взять паузу на какое-то время. Кажется, что два-три месяца зимнего перерыва – это много, но на самом деле нет.\r\n\r\nОтставка позволила мне полностью отойти от Формулы 1, переосмыслить некоторые вещи. Перспективы изменились, и это мне очень помогло, даже зная, что пути назад может и не быть.\r\n\r\nВопрос: Вам было тяжело смотреть гонки по телевизору?\r\nНико Хюлкенберг: Я очень расслабленный телезритель, который время от времени просматривает ключевые моменты. Но не более того.\r\n\r\nВопрос: Если не считать участия в пяти Гран При, то вы практически нигде не гонялись. Это было сделано намеренно?\r\nНико Хюлкенберг: Я вообще не участвовал в гонках и сделал это специально. Не было какой-то серии, которая меня действительно привлекала.\r\n\r\nВопрос: В какой момент вы поняли, что хотите вернуться?\r\nНико Хюлкенберг: Во время гонки в Майами. Это было масштабное событие – трасса, машины, атмосфера вызвали у меня желание. С тех пор я хотел вернуться и гоняться, и желание со временем только усиливалось.\r\n\r\nВопрос: Что вы ждёте от тестов с Haas в Абу-Даби?\r\nНико Хюлкенберг: Я хочу почувствовать машину, ощутить Формулу 1 и проехать дистанцию. Для меня это дополнительный день тестов. В следующем году до гонки в Бахрейне у каждого будет всего полтора дня работы на трассе, поэтому важен каждый круг, чтобы заново привыкнуть к процессам и процедурам, познакомиться с новой командой и определить вещи в машине, которые можно улучшить.\r\n\r\nВопрос: Вы подписали контракт во вторник перед Гран При Абу-Даби?\r\nНико Хюлкенберг: Что-то вроде того. Я был в Дубае, Гюнтер Штайнер в Абу-Даби. Мы использовали электронную почту для связи.\r\n\r\nВопрос: К вам уже вернулась спортивная форма?\r\nНико Хюлкенберг: Нет, мне нужно ещё сбросить два килограмма.\r\n\r\nВопрос: Что вы ответите скептикам, которые говорят, что команда зря поменяла 23-летнего гонщика на 35-летнего, который почти три года не участвовал в гонках. Это оказывает на вас прессинг?\r\nНико Хюлкенберг: Вовсе нет. Прессинг – результат ваших собственных ожиданий. Я не чувствую никакого прессинга, мне не придётся делать что-то особенное. Конечно, я понимаю, что тема достаточно эмоциональная, ведь речь идёт о двух немецких гонщиках, но мы все в Формуле 1 боремся за свою карьеру.\r\n\r\nВ конце концов, команда решает, кто будет пилотировать машину. Обычно приглашают гонщиков, которых считают лучшим вариантом для команды. Это не моё решение. Насколько я могу судить, всё было честно. В Haas дали Мику достаточно времени, чтобы проявить себя, и только после приняли решение. В любом случае, мой возраст не должен стать проблемой.\r\n\r\nВопрос: Каковы ваши ожидания от следующего сезона?\r\nНико Хюлкенберг: Сейчас нет особого смысла спекулировать. Всё зависит от того, насколько быстрой окажется машина. Мне определенно понадобится какое-то время, чтобы освоиться, прежде чем я смогу демонстрировать максимум своих возможностей. Мне важно, чтобы каждый уик-энд мы выжимали максимум.\r\n\r\nВопрос: Вы сможете обеспечить команде необходимую стабильность?\r\nНико Хюлкенберг: От каждого гонщика требуется стабильность. Если вы посмотрите мою статистику, то увидите, что я всегда был довольно стабильным.\r\n\r\nВопрос: Раньше вы не особо ладили с Кевином Магнуссеном. Какие сейчас у вас отношения с напарником?\r\nНико Хюлкенберг: В начале этого года в Бахрейне нам удалось растопить тот лёд, когда я поздоровался с ним в тех же самых выражениях, которые он произнёс тогда в 2017 году. Перед гонкой в Джидде мы виделись в аэропорту и поболтали. С тех пор всё хорошо. Мы оба посмеялись над той историей, и у меня нет опасений, что у нас могут возникнуть проблемы.\r\n\r\nВопрос: Вы рассматривали участие в Ле-Мане, если бы не получилось вернуться в Формулу 1?\r\nНико Хюлкенберг: Формула 1 – лучший вид автоспорта. Ле-Ман привлекает многих автопроизводителей, но мне больше всего нравится одноместная Формула 1, а не гонки на выносливость. Именно поэтому гонки на выносливость никогда не были в моей повестке дня.', '2022-11-22 18:34:14', '/template/images/news/hulk-haas.jpg', 3, 1),
(13, 'Исследователи оценили влияние толпы на решения футбольных судей', '«Судью на мыло!» — кричат взбудораженные болельщики, порой даже не подозревая, какое давление оказывают на якобы беспристрастных рефери. И когда пандемия загнала футбольных фанатов по домам, удивительным образом повысилось число красных и желтых карточек, выдаваемых команде-хозяину во время домашних матчей.\r\n\r\nХорошо известно, что во время домашних матчей — тех, что команда проводит в своем городе и на своем футбольном поле, — футболисты обычно демонстрируют лучшие результаты, чем во время выездных игр. В определенной степени это связано с привычной обстановкой и отсутствием необходимости куда-либо лететь или ехать, но теперь исследователи обнаружили еще одну возможную причину: обилие «своих» болельщиков.\r\n\r\nРазве что самые преданные фанаты решатся отправиться за своей командой в другой город или страну, и для большинства из них домашние матчи — единственная возможность поболеть за игроков. Помимо моральной поддержки скандирующая толпа на трибунах может повлиять и на решения судей, особенно когда речь заходит о выдаче желтых и красных карточек.\r\n\r\nЧтобы это доказать, британские исследователи подсчитали число штрафных карточек, выданных командам во время выездных и домашних матчей с 2010 по 2021 год. Особенно их интересовал сезон 2020/21 годов, когда из-за ограничений, связанных с коронавирусной пандемией, болельщики не могли присутствовать на матчах команд.\r\n\r\nОказалось, что во всех четырех ведущих профессиональных лигах Англии в течение 2010-2019 годов судьи во время домашних матчей выдавали больше желтых и красных карточек командам гостей, а в сезоне-2020/21 количество штрафных карточек у гостей и хозяев матчей было примерно одинаковым. Эта тенденция отличалась у разных судей, и авторы предполагают, что опыт и специальные тренировки понижают восприимчивость рефери к действиям толпы.\r\n\r\nАвторы подчеркивают, что для справедливого и беспристрастного судейства футбольным рефери могут потребоваться дополнительные тренировки, а также психологическая поддержка и дополнительные способы отслеживания нарушений.', '2022-11-26 14:07:02', '/template/images/news/kartochka-v-futbole.jpg', 1, 2),
(15, 'Окаменелость возрастом 525 миллионов лет опровергла теорию эволюции мозга', 'Окаменелость крошечного морского червя, жившего 525 миллионов лет назад, разрешила вековой спор об эволюции мозга членистоногих. Исследование показало, что мозг первых членистоногих не был сегментирован, а нервная система головы и туловища эволюционировала независимо.\r\n\r\nУченые из Университета Аризоны (США) предоставили первое подробное описание червеподобного существа Cardiodictyon catenulum, жившего около 525 миллионов лет назад. Его останки отлично сохранились в скалах южной китайской провинции Юньнань.\r\n\r\nВыяснилось, что окаменелость длиной менее полутора сантиметров, впервые обнаруженная в 1984 году, все это время скрывала хорошо сохранившуюся нервную систему. Мозг C. catenulum оказался самым древним окаменелым мозгом и помог разрешить споры об эволюции нервной системы членистоногих. Результат исследования опубликованы в журнале Science.\r\n\r\nC. catenulum принадлежал к вымершей группе бронированных лобопод (Scleronychophora), многочисленной в начале кембрия. Эти животные передвигались по морскому дну с помощью нескольких пар мягких коротких ног, лишенных суставов. Их ближайшие ныне живущие родственники — онихофоры, или бархатные черви, обитающие в Австралии, Новой Зеландии и Южной Америке.\r\n\r\nC. catenulum имел сегментированное туловище, каждая часть которого содержала ганглии — нервные узлы. Однако в его головном мозге отсутствовали какие-либо признаки сегментации. Это открытие стало совершенно неожиданным для ученых, так как головы и мозги современных членистоногих и некоторых их предков на протяжении долго времени считались только сегментированными.\r\n\r\nПо мнению авторов работы, их находка сможет разрешить долгие споры о происхождении и строении головы у членистоногих. Ведь с 1880-х годов биологи отмечали сегментированный вид туловища членистоногих и экстраполировали это на голову. Исследование C. catenulum показало, что головы первых членистоногих не были сегментированы, как и их мозг. Таким образом, мозг и нервная система туловища, вероятно, развивались отдельно.\r\n\r\nИсследователи также сравнили мозг C. catenulum с мозгом известных ископаемых и живых членистоногих, включая пауков и многоножек. Сочетание подробных анатомических исследований окаменелости и анализа паттернов экспрессии генов показало, что общий план организации мозга членистоногих сохранялся с кембрия до наших дней.\r\n\r\nУченые отметили, что принципы, описанные в этом исследовании, вероятно, применимы и к другим животным, помимо членистоногих и их ближайших родственников. Это имеет важное значение для сравнения нервной системы членистоногих с нервной системой позвоночных, в которой передний и средний мозг генетически и эволюционно отличаются от спинного мозга.', '2022-11-26 14:13:58', '/template/images/news/Low-Res_Head-with-brain-shown-as-magenta-deposits.png', 3, 2),
(17, 'Ученые взломали секретный шифр Карла V', 'Карл V, император Священной Римской империи и король Испании, был одним из самых могущественных людей XVI века. Ученым потребовалось полгода, чтобы расшифровать его письмо, в 1547 году отправленное послу во Франции и раскрывавшее напряженные отношения между двумя государствами.\r\n\r\nКарл V, император Священной Римской империи и король Испании, правил более 40 лет и был крупнейшей политической фигурой своего времени — его владения занимали обширные территории в Западной Европе и Америке. Естественно, у такого человека было множество врагов. В частности, с Францией и ее королем Франциском I у правителя Священной Римской империи сложились довольно напряженные отношения.\r\n\r\nВ 1547 году Карл V направил своему послу во Франции, Жану де Сен-Морису (Jean de Saint-Mauris), загадочное письмо, которое на протяжении пяти столетий никто не мог прочитать. Веками письмо томилось забытым в библиотечных архивах в Нанси (Франция), пока исследовательница Сесиль Пьеро (Cécile Pierrot) случайно не услышала о его существовании и не приступила к расшифровке.\r\n\r\nВ процессе кропотливой компьютерной обработки документа Пьеро постепенно смогла взломать шифр, состоящий более чем из сотни символов. Некоторые обозначали целые слова, другие означали конкретные гласные, а третьи были бессмысленными — император добавил их, чтобы ввести потенциального противника в заблуждение при попытке расшифровать письмо.\r\n\r\nПрорыв произошел в июне этого года, когда была прочитана целая фраза, после чего расшифровка оставшейся части письма стала делом времени. Оказалось, что несмотря на подписанный тремя годами ранее мирный договор, отношения между Карлом V и Франциском I оставляли желать лучшего, и в письме император выражал обеспокоенность слухами о готовящемся против него заговоре. \r\n\r\nКак сообщает информационный ресурс France24.com, теперь ученые собираются расшифровать и другие письма Карла V, что позволит оценить его политический вклад в развитие Европы. Помимо исторической ценности, такие исследования можно расценивать как увлекательное приключение, раскрывающее подводные течения в европейской политике XVI столетия и ход мыслей одного из величайших правителей своего времени.', '2022-11-26 14:19:47', '/template/images/news/a09d8819-2dac-4c37-9795-0d09c065fd21.jpg', 1, 2),
(19, 'Представлен концепт электрического суперкара без крыши и дверей', 'Компания GAC представила футуристический концепт электромобиля Barchetta, который  построен на углепластиковой платформе с интегрированной плоской батареей.\r\n\r\nКонцепт двухместного электрического суперкара не имеет крыши и лобового стекла, а сверхплоское шасси скрывает компактные батареи. Электромобиль напоминает гигантский мобильный телефон. Технических характеристик пока нет, потому пока можно наслаждаться только дизайном электромобиля.', '2022-11-26 14:28:12', '/template/images/news/gac-barchetta-electric-supercar-concept.jpg', 3, 2),
(21, 'Ученые нашли недостающее звено в эволюции тираннозавров', 'Палеонтологи обнаружили останки никогда ранее не встречавшегося дасплетозавра, который, возможно, был прямым предком Tyrannosaurus rex. Эта находка может разрешить серьезные споры об эволюционной родословной самого знаменитого динозавра.\r\n\r\nВ журнале Paleontology and Evolutionary Science опубликована работа палеонтологов из Университета штата Монтана и Музея динозавров Badlands в Северной Дакоте (оба — в США). Авторы рассказали, что во время раскопок с 2017 по 2021 год они обнаружили в формации Джудит-Ривер на северо-востоке американского штата Монтана новый вид хищного динозавра, которого назвали Daspletosaurus wilsoni.\r\n\r\nДасплетозавры относятся к подотряду теропод, которых иногда называют «хищными динозаврами», хотя на самом деле среди них встречались и растительноядные. Находок дасплетозавров очень мало, первая из них сделана в 1921 году в канадской провинции Альберта, но описана в научной литературе только в 1970-х. По современным представлениям, они жили на территории Северной Америки в позднем меловом периоде, 75-77 миллионов лет назад. Название этих очаровательных созданий примерно можно перевести как «грозная ящерица».\r\n\r\nПервого дасплетозавра назвали Daspletosaurus torosus, а в 2017 году в Монтане нашли похожего на него, но все же довольно сильно отличающегося Daspletosaurus horneri. Ученые предположили, что дасплетозавры были прямыми предками тираннозавров, и даже отнесли их к семейству тираннозаврид.\r\n\r\nПри этом многие исследователи расходятся во мнении, были ли тираннозавриды единой эволюционирующей линией (где один вид — предок другого) или это несколько близкородственных видов, которые не происходят друг от друга. Отсутствие достаточного количества окаменелостей хорошей сохранности только разжигало научные споры. Авторы новой работы полагают, что они эти споры завершили.\r\n\r\nНовый обнаруженный вид, Daspletosaurus wilsoni, имеет уникальное расположение шиповидных ороговевших наростов вокруг глаз. Его идентифицировали по частям окаменевшего черепа и фрагментам скелета, включая ребро и кость пальца ноги, которые датируются примерно 76,5 миллиона лет назад.\r\n\r\nИсследователи считают, что D. wilsoni был потомком Daspletosaurus torosus и предшественником Daspletosaurus horneri. Анатомия новонайденного животного подтверждает идею о том, что род дасплетозавров — предковый для могучего Ти-Рекса. Все три образца, найденные на сегодня, различаются между собой достаточно сильно, чтобы отнести их к разным видам. Но при этом имеют явное родовое сходство.\r\n\r\nПо мнению авторов работы, все они принадлежат к семейству Tyrannosauridae, которое включает девять родов, в том числе Tyrannosaurus. До сих пор родословная тираннозавров была сложна для разгадки, что затрудняло точное определение эволюционных связей между отдельными видами.\r\n\r\nНо открытие D. wilsoni позволяет предположить, что три дасплетозавра появились один за другим, как «последовательные лестничные ступени в одной эволюционной линии», а не ответвились друг от друга, как «эволюционные двоюродные братья», пишут исследователи.\r\n\r\nОни посчитали, что D. wilsoni — представитель переходного вида между D. torosus и D. horneri, поскольку он имеет ряд общих черт с более древними тираннозаврами: это наличие заметного набора ороговевших наростов вокруг глаз (хотя эти наросты и расположены немного иначе), а также некоторые особенности строения черепа.\r\n\r\nПо имеющимся образцам можно предположить, что дасплетозавры выглядели довольно устрашающе. Они были длиной в десять метров и высотой в районе бедер в два с половиной метра. Длина черепа — не менее одного метра.\r\n\r\nВо рту у «грозной ящерицы» помещалось (в случае D. wilsoni) более семи десятков зубов. К тому же зубы эти были крупнее, чем у любого другого хищника той эпохи. И если брать не абсолютные цифры, а размер зубов относительно размера тела, то даже крупнее, чем у T. rex. Как и Ти-Рекс, он перемещался на задних лапах, а передние конечности были очень короткими, хотя не такими короткими, как у тираннозавров.\r\n\r\nИсследователи считают, что D. wilsoni мог охотиться как на травоядных, так и на плотоядных современников, так как был самым серьезным хищником своей эпохи.', '2022-11-30 19:16:38', '/template/images/news/daspletosaurus-wilsoni01.jpeg', 1, 2),
(23, 'Японские ученые продемонстрировали дистанционное управление червями', 'Биологи внесли в ДНК червей гены, кодирующие светочувствительные белки. Это позволило управлять ими при помощи света, заставляя двигаться на зеленый сигнал и останавливаться на красный.\r\n\r\nМикроскопические роботы могли бы стать весьма полезными для разведки, обследования местности, мониторинга окружающей среды, поиска пострадавших при катастрофах. Однако «упаковать» все необходимое, включая двигатели, батареи, сенсоры, антенны и микросхемы, в тело размером хотя бы с насекомое, непросто. Впрочем, существует альтернативный подход: можно использовать самих насекомых, превращая их в управляемых киборгов. Чаще всего для этого пробуют модифицировать тараканов. Но вот ученые из Городского университета Осаки обратились к червям. Их статья опубликована в журнале PNAS.\r\n\r\nКоманды Мицумасы Коянаги (Mitsumasa Koyanagi) и Акихисы Теракиты (Akihisa Terakita) использовали нематод C. elegans — одни из самых популярных и глубоко изученных модельных организмов. Из ДНК комаров ученые выделили гены светочувствительного белка, опсина MosOpn3, а затем внесли их в ДНК червей. При этом новый ген экспрессировался не во всех клетках, а лишь в ноцицепторных нейронах, которые сигнализируют организму о повреждении или другом опасном воздействии. В ответ даже на слабое излучение MosOpn3 активировал ноцицепторы, заставляя нематод активно двигаться, стараясь избежать негативного стимула.\r\n\r\nАналогичную работу проделали и с белком LamPP, ген которого выделили из ДНК миног и заставили работать в моторных нейронах. Этот опсин позволил управлять нематодами за счет света разной длины волны. В ответ на появление фотонов зеленой части спектра животные двигались, а при облучении ультрафиолетом — останавливались на месте. Эксперименты показали, что такое можно проделывать множество раз и белковая система не деградирует со временем.\r\n\r\n«Оба опсина относятся к семейству рецепторов, сопряженных с G-белком, которые могут быть чувствительны к очень разным видам стимулов, включая запах, вкус, гормоны, нейротрансмиттеры», — отметил профессор Коянаги. По его словам, это позволит использовать такой же подход, если понадобится интегрировать в нематод другие белки, чтобы черви-киборги реагировали на другие виды раздражителей, помимо света.', '2022-11-30 19:26:00', '/template/images/news/elegans0.jpg', 3, 2),
(25, 'В Анадыре проходит кинофестиваль «Золотой ворон»', '5 декабря в Анадыре состоится торжественная церемония открытия VI Арктического международного кинофестиваля «Золотой ворон». В программу войдут игровые, документальные и короткометражные работы со всего мира, а также кино, снятое в разных регионах России.\r\n\r\nВ международный конкурс полнометражных фильмов войдут 12 работ. Фестиваль представит картину «Беги, женщина, беги» канадской писательницы и режиссера, представительницы коренного племени хейлцук Зои Хопкинс; норвежскую комедию «Все ненавидят Йохана» Халлвара Ватсё; документальные фильмы «А ты — исландец?» Магнеи Бьёрк Валдимарсдоттир, «Жили двенадцать разбойников» Светланы Стасенко, «Огонь» Анны Яновской, «Свобода в квадрате» Анастасии Зверьковой и «Оторванные» Владимира Кривова. А также две якутские ленты — «Белый ангел тундры» Александра Лукина и «Не хороните меня без Ивана» Любови Борисовой.\r\n\r\nТакже зрители увидят режиссерский дебют Анастасии Нечаевой «Велга» с Ольгой Бодровой в главной роли, новую работу Натальи Назаровой «Плакать нельзя» со Светланой Чуйкиной, Владимиром Левченко и Иваном Янковским и трогательную драму Рината Махмудова «На выдохе» с Анастасией Самыловой, Иваном Логиновым, Еленой Подкаминской и Федором Лавровым.\r\n\r\nВ короткометражной секции будет представлено 15 документальных и 15 игровых картин: новая работа режиссера Ивана Соснина «Невесомость» с Марьяной Спивак и Алексеем Барабашем, фильм Максима и Евгении Арбугаевых «Выход», комедия Леонида Гардаша «Молодой» с Ольгой Тумайкиной, фильм Виктора Салимьянова «Убийца» с Владимиром Меньшовым и другие ленты. Впервые в этот конкурс попали лауреаты кастинг-платформы арт-кластера «Таврида» — «Клюква Сталина» Руслана Римовича и «На земле» Валентины Князьковой.\r\n\r\nТакже «Золотой ворон» представит специальную конкурсную программу региональных фильмов «Киновзлет!». В этом году в нее войдут 12 картин, в том числе работы участников весенней кинолаборатории «Чукотка.Doc».\r\n\r\nОбладателя Гран-при фестиваля выберут зрители, а остальные призы распределит жюри. Оценивать полнометражные фильмы будут казахстанский продюсер Анна Дармодехина; российский режиссер Ольга Стефанова; продюсер, режиссер и сценарист из Кыргызстана Таалайбек Кулмендеев; китайский издатель и медиаменеджер Му Пин; педагог и специалист по чукотскому языку и культуре Григорий Ранаврольтын. Председателем жюри станет российский актер, режиссер и продюсер Василий Мищенко. Лучшие короткометражные картины выберут актер Иван Соловьев, продюсер Татьяна Османская, оператор Владимир Политик, руководитель региональной общественной организации «Чычеткин вэтгав» («Родное слово») Виктория Кавры. Председателем этого жюри выступит президент Гильдии продюсеров Союза кинематографистов России Филипп Кудряшов.\r\n\r\nПодробнее о кинофестивале «Золотой ворон» читайте на официальном сайте.', '2022-12-08 10:20:45', '/template/images/news/screenbanner_1920x1080.png', 1, 4),
(27, 'Форум «Наследие» откроется в столице 1 декабря', 'В течение двух дней эксперты из разных сфер будут обсуждать проблемы сохранения исторического наследия в городах России. В программе форума примут участие историки, социологи, урбанисты, реставраторы. Кроме того, студенты разных вузов страны защитят свои проекты по восстановлению исторических памятников.\r\n\r\n1 декабря, в день открытия форума, пройдет серия круглых столов, где представители власти, российских вузов, архитектурных и реставрационных бюро обсудят трудоустройство молодежи и сохранение архитектурного наследия, а также подведут итоги года 350-летия Петра I.\r\n\r\nВо второй день форума выступят студенты разных вузов с защитой своих проектов. 10 команд из московских вузов представят свои проекты по восстановлению усадьбы Виноградово. Победителей наградят дипломами и памятными призами, а лучшие идеи воплотят в реальном проекте. Кроме того, в форуме примут участие авторы лучших работ из Владимира, Самары и Воронежа. Также запланированы презентации книги «Усадебные ансамбли Москвы» и деловой игры «Отреставрируй Москву».\r\n\r\nГлава столичного департамента культурного наследия Алексей Емельянов рассказал: «Молодежный форум «Наследие» проводится в Москве уже в пятый раз, и мы можем видеть, что его аудитория продолжает неизменно расти. Если в 2018 году участие приняли 500 человек, то в прошлом году их количество преодолело отметку в 30 тысяч».\r\n\r\nВ этом году принять участие смогут все желающие. Вход для гостей бесплатный, но необходима регистрация на сайте. А для тех, кто не сможет посетить форум, пройдет онлайн-трансляция.', '2022-12-08 10:25:53', '/template/images/news/forum-nasledie.png', 3, 4),
(29, 'В Шереметевском дворце пройдут лекции в рамках выставки «Любовь к трем апельсинам»', 'Санкт-Петербургский музей театрального и музыкального искусства представляет цикл лекций, приуроченный к выставке «Любовь к трем апельсинам. Венеция Казановы — Петербург Дягилева». В программу войдут пять лекций и два творческих вечера, которые пройдут в Шереметевском дворце с 26 ноября по 21 января.\r\n\r\nОткроет программу лекция киноведа Милы Двинятиной «Казанова в кино — от Феллини до Халльстрёма». Миф о Казанове, покорителе женских сердец, популярен и в кино. Кто и зачем, как и почему играет в этот миф, красив ли Казанова и важно ли это, как его образ расширяет представление мечтающих обывателей о Венеции, что он делал в Петербурге и нужен ли он нам в будущем — ответы на эти и другие вопросы узнают слушатели 26 ноября.\r\n\r\n30 ноября пройдет творческий вечер «Черный юмор Серебряного века». Артисты Романтического театра Юрия Томошевского реконструируют атмосферу литературно-артистического кабаре «Подвал Бродячей собаки» и вспомнят произведения Саши Черного, Надежды Тэффи, Аркадия Аверченко и других героев дягилевского круга.\r\n\r\n3 декабря искусствовед Алексей Лепорк прочитает лекцию «Петербург и Венеция: как искусство подменило правду», посвященную связи двух городов. В программу творческого вечера «Образы дягилевского Петербурга», который состоится 11 декабря, войдут утонченные стихи Анны Ахматовой, Марины Цветаевой, Александра Блока, Николая Гумилева и других поэтов рубежа XIX и XX веков. Также 24 декабря лекцию проведет Вячеслав Дубынин, доктор биологических наук, профессор кафедры физиологии человека и животных биологического факультета МГУ им. М.В. Ломоносова, специалист в области физиологии мозга.\r\n\r\n28 декабря пройдет лекция «XVIII век: Невероятные приключения русских в Италии». Доктор исторических наук Кирилл Назаренко расскажет, как русские навигаторы обучались кораблестроению в Венеции XVII — начала XVIII века.\r\n\r\nЗавершится образовательная программа 21 января. Кандидат филологических наук Анна Карлова проведет лекцию «Венецианское кружево», слушатели которой изучат витиеватую историю Венеции: от загадочных древних венетов до первых дожей, через средневековые распри, византийское владычество и противостояние турецкой экспансии к созданию уникальной общественно-политической системы и неоспоримому морскому господству, от стремительного экономического взлета до неотвратимого падения.', '2022-12-08 10:34:10', '/template/images/news/003-min.png', 1, 4),
(31, 'Арт-резиденция «Выкса» объявляет опен-колл на участие в программе 2023 года', 'Арт-резиденция «Выкса» объявляет опен-колл на участие в программе 2023 года. Резиденты смогут реализовать проекты и провести исследования на базе города Выксы Нижегородской области. Прием заявок пройдет с 15 ноября по 15 декабря на официальном сайте резиденции.\r\n\r\nСтать резидентом может любой художник вне зависимости от возраста, жанра, в котором он работает, и страны проживания. Организаторы подчеркивают, что при оценке конкурсных работ предпочтение отдадут авторам заявок, чьи идеи будут включать взаимодействие с городской средой и местными сообществами.\r\n\r\nДлительность резиденции составит от четырех до восьми недель. По итогам отбора в течение 2023 года резиденцию посетят 10 художников. Организаторы предоставят художникам место для проживания на территории культурного центра «Волна», а также грант для создания проекта. Также резиденция покроет расходы на материалы, необходимые для работы.\r\n\r\nХудожникам предстоит познакомиться с местными жителями и провести мастер-класс или лекцию на любую тему. Организаторы отмечают, что одна из задач резиденции — вовлечь местное сообщество в художественный процесс.\r\n\r\nИтогом резиденции станет отчетный проект в виде выставки на одной из площадок города: в Музее истории Выксунского металлургического завода, в открытых пространствах завода или в пространстве «Волны».', '2022-12-08 10:38:38', '/template/images/news/kc-_volna_18.predostavleno-fondom-_omk-uchastie_-1-.jpg', 3, 4);

-- --------------------------------------------------------

--
-- Структура таблицы `products`
--

CREATE TABLE `products` (
  `id` int(11) NOT NULL,
  `title` varchar(255) NOT NULL,
  `description` text NOT NULL,
  `price` float NOT NULL,
  `add_date` timestamp NOT NULL DEFAULT current_timestamp(),
  `image` text DEFAULT NULL
) ENGINE=InnoDB DEFAULT CHARSET=utf8mb4 COLLATE=utf8mb4_general_ci;

-- --------------------------------------------------------

--
-- Структура таблицы `users`
--

CREATE TABLE `users` (
  `id` int(11) NOT NULL,
  `login` varchar(255) NOT NULL,
  `first_name` varchar(255) NOT NULL,
  `last_name` varchar(255) NOT NULL,
  `email` varchar(255) NOT NULL,
  `password` varchar(255) NOT NULL,
  `image` text NOT NULL,
  `add_date` timestamp NOT NULL DEFAULT current_timestamp(),
  `update_date` timestamp NOT NULL DEFAULT current_timestamp(),
  `favourite` longtext CHARACTER SET utf8mb4 COLLATE utf8mb4_bin DEFAULT NULL CHECK (json_valid(`favourite`))
) ENGINE=InnoDB DEFAULT CHARSET=utf8mb4 COLLATE=utf8mb4_general_ci;

--
-- Дамп данных таблицы `users`
--

INSERT INTO `users` (`id`, `login`, `first_name`, `last_name`, `email`, `password`, `image`, `add_date`, `update_date`, `favourite`) VALUES
(1, 'Ivan', 'Иван', 'Иванов', 'Ivan@test.ru', '$2y$10$We2kU6ETemFutmLYdqZKiuDx2sj5rYf4H3hhBRCi.RtfkbJQSh4ti', '/template/images/users/user-2.jpg', '2022-11-30 10:35:23', '2023-09-12 10:17:47', NULL),
(2, 'irina', 'Ирина', 'Иванова', 'irina@test.ru', '$2y$10$wJusKRWF7yCWzM3BSB2U5uxNx1T4xLIrdTT82Uqd41OA8rEI4030y', '/template/images/users/default.jpg', '2022-12-01 09:39:48', '2023-09-12 10:17:47', NULL),
(4, 'dergeu111', 'Сергей', 'Сидоров', 'dergeu111@test.tt', '$2y$10$4rX/6LmuzJr5s/paeV6TI.Uv7sAXCkYw07vItzjxh8Ov6fqryoY9a', 'template/images/users/default.jpg', '2023-09-22 06:27:31', '2023-09-22 06:27:31', NULL),
(5, 'sergeevPavel555', 'Павел', 'Сергеев', 'sergeevPavel@test.rr', '$2y$10$fXYWzuX.yB8HnMes2db4kueM1b/EQo5kxIKAQZdmaRVGt9WHh4oyO', 'template/images/users/default.jpg', '2023-09-22 09:31:51', '2023-09-22 09:31:51', NULL),
(6, 'aleksPetrov', 'Алексей', 'Петров', 'aleksPetrov@test.ru', '$2y$10$U2m5tVnlJyOgTqaKxzeE7esgnSPippqj1pzO4tJxGotJVSLLS1LJS', 'template/images/users/default.jpg', '2023-09-26 05:43:17', '2023-09-26 05:43:17', NULL),
(7, 'tatyanaIvanova', 'Иван', 'Петров', 'IvanPetrov@test.rt', '$2y$10$eXVNuH7Q47ChMV0SkMfb5em5NUOWVXHzB6wzXJPaptS3Y5zVYsixe', 'template/images/users/default.jpg', '2023-09-27 05:52:36', '2023-09-27 05:52:36', '[3,6,16,24,12,56]'),
(8, 'pavlov111', 'Иван', 'Павлов', 'pavlov111@test.ru', '$2y$10$2rTJ.0FT/TPL/oG/olWNsOXvWiYDFPVfvVdcZTLyd3KIGMXGf/9..', 'template/images/users/1699618889_avatar.jpg', '2023-11-10 12:21:29', '2023-11-10 12:21:29', NULL),
(11, 'LuisVillasmil', 'Луис', 'Вилласмил', 'LuisVillasmil@test.ee', '$2y$10$efxd/XG.y1y6lNUyCMSJbuZUP3OHDqwVF50AGJz83hRWVho4/1xYS', 'template/images/users/1699628753_luis-villasmil-hh3ViD0r0Rc-unsplash.jpg', '2023-11-10 15:05:53', '2023-11-10 15:05:53', NULL),
(12, 'ivan3333', 'Иван', 'Иванов', 'ivan3333@test.ry', '$2y$10$fdNWp8Jid/hYT59KDbtImuzvl05/BfeTrCwg94hifHM447NHUNLoC', 'template/images/users/1700049575_jonas-kakaroto-mjRwhvqEC0U-unsplash.jpg', '2023-11-15 11:59:35', '2023-11-15 11:59:35', NULL);

--
-- Индексы сохранённых таблиц
--

--
-- Индексы таблицы `admins`
--
ALTER TABLE `admins`
  ADD PRIMARY KEY (`id`);

--
-- Индексы таблицы `authors`
--
ALTER TABLE `authors`
  ADD PRIMARY KEY (`id`);

--
-- Индексы таблицы `category`
--
ALTER TABLE `category`
  ADD PRIMARY KEY (`id`);

--
-- Индексы таблицы `comments`
--
ALTER TABLE `comments`
  ADD PRIMARY KEY (`id`),
  ADD KEY `news_id` (`news_id`),
  ADD KEY `user_id` (`user_id`);

--
-- Индексы таблицы `news`
--
ALTER TABLE `news`
  ADD PRIMARY KEY (`id`),
  ADD KEY `author_id` (`author_id`),
  ADD KEY `category_id` (`category_id`);

--
-- Индексы таблицы `products`
--
ALTER TABLE `products`
  ADD PRIMARY KEY (`id`);

--
-- Индексы таблицы `users`
--
ALTER TABLE `users`
  ADD PRIMARY KEY (`id`);

--
-- AUTO_INCREMENT для сохранённых таблиц
--

--
-- AUTO_INCREMENT для таблицы `admins`
--
ALTER TABLE `admins`
  MODIFY `id` int(11) NOT NULL AUTO_INCREMENT, AUTO_INCREMENT=3;

--
-- AUTO_INCREMENT для таблицы `authors`
--
ALTER TABLE `authors`
  MODIFY `id` int(11) NOT NULL AUTO_INCREMENT, AUTO_INCREMENT=14;

--
-- AUTO_INCREMENT для таблицы `category`
--
ALTER TABLE `category`
  MODIFY `id` int(11) NOT NULL AUTO_INCREMENT, AUTO_INCREMENT=6;

--
-- AUTO_INCREMENT для таблицы `comments`
--
ALTER TABLE `comments`
  MODIFY `id` int(11) NOT NULL AUTO_INCREMENT, AUTO_INCREMENT=21;

--
-- AUTO_INCREMENT для таблицы `news`
--
ALTER TABLE `news`
  MODIFY `id` int(11) NOT NULL AUTO_INCREMENT, AUTO_INCREMENT=39;

--
-- AUTO_INCREMENT для таблицы `products`
--
ALTER TABLE `products`
  MODIFY `id` int(11) NOT NULL AUTO_INCREMENT;

--
-- AUTO_INCREMENT для таблицы `users`
--
ALTER TABLE `users`
  MODIFY `id` int(11) NOT NULL AUTO_INCREMENT, AUTO_INCREMENT=13;

--
-- Ограничения внешнего ключа сохраненных таблиц
--

--
-- Ограничения внешнего ключа таблицы `comments`
--
ALTER TABLE `comments`
  ADD CONSTRAINT `comments_ibfk_1` FOREIGN KEY (`news_id`) REFERENCES `news` (`id`),
  ADD CONSTRAINT `comments_ibfk_2` FOREIGN KEY (`user_id`) REFERENCES `users` (`id`);

--
-- Ограничения внешнего ключа таблицы `news`
--
ALTER TABLE `news`
  ADD CONSTRAINT `news_ibfk_1` FOREIGN KEY (`author_id`) REFERENCES `authors` (`id`),
  ADD CONSTRAINT `news_ibfk_2` FOREIGN KEY (`category_id`) REFERENCES `category` (`id`);
COMMIT;

/*!40101 SET CHARACTER_SET_CLIENT=@OLD_CHARACTER_SET_CLIENT */;
/*!40101 SET CHARACTER_SET_RESULTS=@OLD_CHARACTER_SET_RESULTS */;
/*!40101 SET COLLATION_CONNECTION=@OLD_COLLATION_CONNECTION */;
